id1,id2,id3,id4,id5,id6,id7,id8,id9,id10,box,Unnamed: 11
0,-16233.907345476286,-13402.588105568604,-16141.358410346027,-17463.16416476732,-22577.885557505673,-15080.833182250759,-15206.204712238326,-21662.33191449406,-17736.59778757806,-16893.128819774858,-172397.99999999994,0
